Employee_ID,Worker_WID,Legal_Name,Preferred_Name,Business_Title,Job_Profile,Job_Family,Management_Level,Position_ID,Manager_Name,Manager_WID,Cost_Center,Location,Hire_Date,Worker_Type,Time_Type,FTE,Email_Work,jurisdiction,time_zone,work_auth_expiry,cohort
EMP7000,7ee2d3fb-d7b0-c8c7-f666-1ca92b3c99a1,Faizal Nair,Faizal,Associate,P3 Engineer,People,Individual Contributor,POS-40000,Tariq Ong,66cd84bc-2187-9088-f826-cfe251876354,CC1000,KL-HQ,2026-05-26,Regular,Part time,0.8,faizal.nair@company.com,MY,Asia/Kuala_Lumpur,,COH-2026-W22
EMP7001,32561e7a-1652-742f-cacb-be73f04cf083,Lena Abdullah,Lena,Coordinator,P2 Analyst,People,Individual Contributor,POS-40001,Wan Abdullah,d159b593-d82d-1837-a093-751db02ebb80,CC3000,KL-HQ,2026-06-16,Regular,Part time,0.5,lena.abdullah@company.com,MY,Asia/Kuala_Lumpur,,COH-2026-W25
EMP7002,69325e28-e590-c37f-7408-e86c2db79673,Rajesh Ho,Rajesh,Engineer,P2 Analyst,Operations,Individual Contributor,POS-40002,Lakshmi Loo,c6eaf770-7811-23c3-d278-93a058307bfc,CC2000,Singapore,2026-05-26,Fixed Term,Part time,1.0,rajesh.ho@company.com,SG,Asia/Singapore,2028-04-06,COH-2026-W22
EMP7003,a69bc137-8440-16b0-ca35-c694ef65e113,Tariq Ong,Tariq,Specialist,P2 Associate,Operations,Individual Contributor,POS-40003,Wan Ho,e9e2ca8d-bb55-23a2-717f-c88a2f866bc2,CC2000,Singapore,2026-07-08,Fixed Term,Full time,1.0,tariq.ong@company.com,SG,Asia/Singapore,,COH-2026-W28
EMP7004,0cb2e604-48b4-db33-416e-8e3d06a0384d,Devi Abdullah,Devi,Manager,P3 Specialist,People,Individual Contributor,POS-40004,Vincent Hassan,f7242a26-9d9c-c760-b660-f217e1efc965,CC3000,KL-HQ,2026-04-27,Fixed Term,Full time,0.8,devi.abdullah@company.com,MY,Asia/Kuala_Lumpur,,COH-2026-W18
EMP7005,1d2f0361-d2b7-9db2-f3f4-804756feed6a,Sarah Yeoh,Sarah,Manager,P2 Analyst,Finance,Individual Contributor,POS-40005,Farah Rahman,73d51c62-f331-1ec0-ebfb-19798877a512,CC3000,KL-HQ,2026-05-24,Intern,Full time,1.0,sarah.yeoh@company.com,MY,Asia/Kuala_Lumpur,,COH-2026-W21
EMP7006,741b5d8e-eb3c-e8ef-6831-fbe185fe1989,Devi Goh,Devi,Associate,P3 Engineer,Operations,Individual Contributor,POS-40006,Hakim Iyer,35008368-2865-6974-3913-2ae9f9ebc0c7,CC2000,Penang,2026-06-03,Intern,Part time,0.8,devi.goh@company.com,MY,Asia/Kuala_Lumpur,,COH-2026-W23
EMP7007,0c1a6aa1-ed31-c0e4-1e47-c5830c8229a1,Mei Iyer,Mei,Associate,P3 Specialist,Technology,Team Lead,POS-40007,Tariq Rahman,be576c29-a343-6456-44ee-597a39c89050,CC3000,Penang,2026-05-04,Fixed Term,Full time,1.0,mei.iyer@company.com,MY,Asia/Kuala_Lumpur,,COH-2026-W19
EMP7008,a472b458-d63d-47a6-b41e-e4eca9ee112c,Rajesh Rahman,Rajesh,Manager,P2 Analyst,People,Team Lead,POS-40008,Kumar Lee,7f73d746-015a-572c-5494-38340f593cc6,CC1000,Remote,2026-06-25,Fixed Term,Part time,0.5,rajesh.rahman@company.com,MY,Asia/Kuala_Lumpur,2028-07-16,COH-2026-W26
EMP7009,331d9da4-e0c3-2c1b-9fa3-ff4de27d06c9,Sarah Ismail,Sarah,Analyst,P2 Analyst,People,Team Lead,POS-40009,Wan Abdullah,d159b593-d82d-1837-a093-751db02ebb80,CC3000,Penang,2026-07-22,Fixed Term,Full time,0.8,sarah.ismail@company.com,MY,Asia/Kuala_Lumpur,,COH-2026-W30
EMP7010,0befdc88-5605-981d-feca-a5b5a57c31e0,Devi Musa,Devi,Associate,P3 Engineer,People,Individual Contributor,POS-40010,Farah Rahman,73d51c62-f331-1ec0-ebfb-19798877a512,CC3000,KL-HQ,2026-04-30,Fixed Term,Part time,0.5,devi.musa@company.com,MY,Asia/Kuala_Lumpur,,COH-2026-W18
EMP7011,6b701769-5863-7b85-7668-0e86b6cc2ad7,Michael Ong,Michael,Specialist,P3 Engineer,People,Team Lead,POS-40011,James Raj,106dd53b-93d0-4cbe-6e68-6ff56c1d1fc5,CC3000,Penang,2026-06-15,Regular,Full time,0.8,michael.ong@company.com,MY,Asia/Kuala_Lumpur,,COH-2026-W25
EMP7012,70ed6c4b-b89b-c09c-00f8-94d0fe6cde4b,Hakim Menon,Hakim,Manager,P3 Specialist,Finance,Individual Contributor,POS-40012,Wan Ho,e9e2ca8d-bb55-23a2-717f-c88a2f866bc2,CC2000,KL-HQ,2026-05-29,Regular,Full time,1.0,hakim.menon@company.com,MY,Asia/Kuala_Lumpur,,COH-2026-W22
EMP7013,d7bacf7d-739c-1810-ea7a-2f20db9eaa43,Faizal Menon,Faizal,Analyst,P3 Engineer,Finance,Individual Contributor,POS-40013,Kevin Musa,c85edf05-91bc-3f52-0a47-0c4465fc1293,CC1000,KL-HQ,2026-06-21,Intern,Full time,1.0,faizal.menon@company.com,MY,Asia/Kuala_Lumpur,,COH-2026-W25
EMP7014,ce113637-eda1-bcea-aff5-f2fc6a56ffb5,Yusof Ismail,Yusof,Specialist,P2 Analyst,People,Individual Contributor,POS-40014,Vincent Hassan,f7242a26-9d9c-c760-b660-f217e1efc965,CC3000,KL-HQ,2026-07-21,Regular,Part time,0.8,yusof.ismail@company.com,MY,Asia/Kuala_Lumpur,2027-03-31,COH-2026-W30
EMP7015,edca710e-99d6-3cc4-8c8b-66b890326726,Devi Hassan,Devi,Analyst,P2 Analyst,Technology,Individual Contributor,POS-40015,Tariq Rahman,be576c29-a343-6456-44ee-597a39c89050,CC1000,Remote,2026-06-29,Intern,Full time,0.8,devi.hassan@company.com,IN,Asia/Kolkata,,COH-2026-W27
EMP7016,12347c80-d7e0-698b-af3c-dba639896758,Jaya Lim,Jaya,Engineer,P2 Associate,Finance,Team Lead,POS-40016,Kevin Menon,1e4f30ce-0099-5364-eaab-856cefea0ecf,CC2000,Singapore,2026-05-10,Intern,Part time,0.8,jaya.lim@company.com,SG,Asia/Singapore,,COH-2026-W19
EMP7017,21f3984c-a260-9809-c7ea-36f16d4fb75a,Michael Prakash,Michael,Specialist,P3 Specialist,Technology,Team Lead,POS-40017,Hakim Iyer,35008368-2865-6974-3913-2ae9f9ebc0c7,CC1000,Penang,2026-07-14,Regular,Full time,0.5,michael.prakash@company.com,MY,Asia/Kuala_Lumpur,,COH-2026-W29
EMP7018,407a1bef-3506-e5e6-2e89-920376a49343,Siti Raj,Siti,Analyst,P3 Specialist,Technology,Individual Contributor,POS-40018,Tariq Ong,66cd84bc-2187-9088-f826-cfe251876354,CC2000,Penang,2026-06-08,Fixed Term,Part time,0.8,siti.raj@company.com,MY,Asia/Kuala_Lumpur,,COH-2026-W24
EMP7019,decb0a95-ee37-535f-a066-7f37993eba7b,Grace Aziz,Grace,Specialist,P3 Specialist,Finance,Individual Contributor,POS-40019,Nadia Hassan,43cbfd7d-50ec-2a99-d0f1-321d480d7c5f,CC3000,Singapore,2026-06-01,Fixed Term,Full time,1.0,grace.aziz@company.com,SG,Asia/Singapore,,COH-2026-W23
EMP7020,de1b3be7-d0da-e038-8349-13090c3eee35,Bryan Chen,Bryan,Coordinator,P2 Associate,People,Team Lead,POS-40020,Chloe Fernandez,89a5ed26-4b06-06c1-a33f-086260fc3bce,CC3000,Singapore,2026-05-14,Fixed Term,Full time,0.8,bryan.chen@company.com,SG,Asia/Singapore,2027-07-17,COH-2026-W20
EMP7021,d78e1a65-3c3a-beb9-6b8a-a4f6898a829d,Ismail Prakash,Ismail,Coordinator,P2 Associate,Technology,Team Lead,POS-40021,Ismail Goh,c462feb1-c90f-855f-36c0-3c090c36b03c,CC2000,Singapore,2026-07-01,Regular,Full time,0.8,ismail.prakash@company.com,SG,Asia/Singapore,,COH-2026-W27
EMP7022,05b17230-99ba-781b-9805-50c96105886b,Daniel Ong,Daniel,Analyst,P2 Associate,Technology,Team Lead,POS-40022,James Raj,106dd53b-93d0-4cbe-6e68-6ff56c1d1fc5,CC3000,Penang,2026-07-09,Regular,Full time,0.5,daniel.ong@company.com,MY,Asia/Kuala_Lumpur,,COH-2026-W28
EMP7023,96552d12-a618-77ec-486e-d628d8a9c65b,James Goh,James,Analyst,P3 Specialist,Technology,Team Lead,POS-40023,Chloe Fernandez,89a5ed26-4b06-06c1-a33f-086260fc3bce,CC2000,Singapore,2026-04-28,Regular,Full time,0.5,james.goh@company.com,SG,Asia/Singapore,,COH-2026-W18
EMP7024,c28561ba-a7fe-05e6-805c-9e3d304bc830,Anjali Nair,Anjali,Specialist,P3 Specialist,Finance,Team Lead,POS-40024,Lakshmi Loo,c6eaf770-7811-23c3-d278-93a058307bfc,CC1000,Singapore,2026-08-05,Intern,Part time,1.0,anjali.nair@company.com,SG,Asia/Singapore,,COH-2026-W32
EMP7025,8c892820-564f-974f-07c4-ec3f1f6b5b87,Poh Fernandez,Poh,Manager,P3 Specialist,Technology,Team Lead,POS-40025,Kevin Teo,086a353d-6e31-790b-17ae-abf585504ac5,CC3000,Penang,2026-04-21,Fixed Term,Part time,0.8,poh.fernandez@company.com,MY,Asia/Kuala_Lumpur,,COH-2026-W17
EMP7026,b9cfa983-ede0-9f4e-e1ce-7952d3e0fb23,Chloe Ng,Chloe,Coordinator,P2 Analyst,Operations,Team Lead,POS-40026,Farah Rahman,73d51c62-f331-1ec0-ebfb-19798877a512,CC2000,Penang,2026-08-04,Intern,Part time,1.0,chloe.ng@company.com,MY,Asia/Kuala_Lumpur,2027-05-01,COH-2026-W32
EMP7027,2cba4720-a2e6-380d-2f23-8e119e57b1a9,Uma Nair,Uma,Manager,P3 Specialist,Finance,Individual Contributor,POS-40027,Bryan Cheng,a2233605-01b6-180d-862b-213e8c7ddc01,CC3000,Singapore,2026-04-23,Intern,Full time,1.0,uma.nair@company.com,SG,Asia/Singapore,,COH-2026-W17
EMP7028,f379abf1-13a4-f746-efe2-be69721ca640,Rajesh Das,Rajesh,Engineer,P3 Specialist,People,Individual Contributor,POS-40028,Yusof Nair,79749396-37ac-cad7-0cc1-3fa9e0c58e7b,CC3000,KL-HQ,2026-07-06,Regular,Part time,1.0,rajesh.das@company.com,MY,Asia/Kuala_Lumpur,,COH-2026-W28
EMP7029,cb007286-3fea-8de1-e1af-383976a8b08c,Siti Fernandez,Siti,Engineer,P3 Engineer,Technology,Individual Contributor,POS-40029,Chloe Fernandez,89a5ed26-4b06-06c1-a33f-086260fc3bce,CC2000,KL-HQ,2026-06-09,Intern,Part time,0.5,siti.fernandez@company.com,MY,Asia/Kuala_Lumpur,,COH-2026-W24
EMP7030,d5cd449e-4e0a-b96e-4ff3-612d07a8f914,Grace Raj,Grace,Manager,P2 Associate,Technology,Individual Contributor,POS-40030,Nadia Hassan,43cbfd7d-50ec-2a99-d0f1-321d480d7c5f,CC1000,Singapore,2026-06-14,Intern,Full time,1.0,grace.raj@company.com,SG,Asia/Singapore,,COH-2026-W24
EMP7031,a98f7efa-e405-4694-f727-ec94babc9eca,Bryan Fernandez,Bryan,Engineer,P3 Engineer,Operations,Individual Contributor,POS-40031,Kevin Goh,006140bc-6dbd-2df9-29ec-9b1114eca3ab,CC1000,Penang,2026-05-12,Regular,Full time,0.8,bryan.fernandez@company.com,MY,Asia/Kuala_Lumpur,,COH-2026-W20
EMP7032,3419a9ac-fb8c-242e-c75d-f3ed932ff88a,Faizal Cheng,Faizal,Analyst,P3 Specialist,Operations,Individual Contributor,POS-40032,Michael Das,fc98f4f8-6b98-f6dc-d47e-426c35561cb7,CC1000,Singapore,2026-07-25,Fixed Term,Part time,0.8,faizal.cheng@company.com,SG,Asia/Singapore,2027-03-23,COH-2026-W30
EMP7033,8facb65a-2a60-abf3-d350-b4d9ac6b91ec,Mei Yeoh,Mei,Coordinator,P2 Analyst,Finance,Individual Contributor,POS-40033,Farah Rahman,73d51c62-f331-1ec0-ebfb-19798877a512,CC3000,Remote,2026-06-15,Fixed Term,Part time,1.0,mei.yeoh@company.com,MY,Asia/Kuala_Lumpur,,COH-2026-W25
EMP7034,89e2e743-8bfb-0c2c-3e76-816bff94b44e,Devi Teo,Devi,Coordinator,P3 Specialist,Finance,Individual Contributor,POS-40034,Kevin Teo,086a353d-6e31-790b-17ae-abf585504ac5,CC1000,Penang,2026-05-27,Regular,Part time,0.5,devi.teo@company.com,MY,Asia/Kuala_Lumpur,,COH-2026-W22
EMP7035,b6cdbe8a-9050-0c3b-1599-4948f1f3d34e,Nurul Das,Nurul,Manager,P3 Specialist,Finance,Individual Contributor,POS-40035,Michael Das,fc98f4f8-6b98-f6dc-d47e-426c35561cb7,CC1000,Penang,2026-06-16,Regular,Full time,0.8,nurul.das@company.com,MY,Asia/Kuala_Lumpur,,COH-2026-W25
EMP7036,ae70e239-f129-d97a-55c4-a120e86b7b55,James Lee,James,Associate,P2 Associate,Technology,Team Lead,POS-40036,Kevin Goh,006140bc-6dbd-2df9-29ec-9b1114eca3ab,CC3000,Penang,2026-06-29,Fixed Term,Part time,1.0,james.lee@company.com,MY,Asia/Kuala_Lumpur,,COH-2026-W27
EMP7037,8cc29a54-2f05-957a-fe92-a6fc49c6c92b,Uma Osman,Uma,Specialist,P3 Specialist,People,Team Lead,POS-40037,Vincent Hassan,f7242a26-9d9c-c760-b660-f217e1efc965,CC2000,Penang,2026-04-21,Fixed Term,Part time,1.0,uma.osman@company.com,MY,Asia/Kuala_Lumpur,,COH-2026-W17
EMP7038,28d9030f-762d-0d08-5995-3ae432ab41d1,Tariq Raj,Tariq,Specialist,P3 Engineer,Technology,Individual Contributor,POS-40038,Nurul Ho,8ad48223-3fea-a091-0a89-3ee722b0aec3,CC2000,Remote,2026-05-18,Fixed Term,Part time,0.5,tariq.raj@company.com,SG,Asia/Singapore,2027-06-26,COH-2026-W21
EMP7039,638724d0-4ca6-51d9-729b-35a7dbde29ec,Wan Aziz,Wan,Coordinator,P2 Associate,People,Team Lead,POS-40039,Wei Cheng,216521c3-d52d-c7db-8f73-419d05d9c4cf,CC1000,Penang,2026-08-05,Fixed Term,Full time,1.0,wan.aziz@company.com,MY,Asia/Kuala_Lumpur,,COH-2026-W32
EMP7040,f3f420de-eba5-7dc3-52ee-642e2df505fd,Farah Chen,Farah,Coordinator,P2 Analyst,Operations,Team Lead,POS-40040,Kumar Lee,7f73d746-015a-572c-5494-38340f593cc6,CC2000,Penang,2026-07-27,Fixed Term,Full time,0.8,farah.chen@company.com,MY,Asia/Kuala_Lumpur,,COH-2026-W31
EMP7041,bd6f8482-e8f9-ad07-150e-2296b4e4b3f6,Devi Lim,Devi,Associate,P2 Analyst,Technology,Individual Contributor,POS-40041,Hakim Iyer,35008368-2865-6974-3913-2ae9f9ebc0c7,CC2000,Penang,2026-05-16,Intern,Full time,0.8,devi.lim@company.com,MY,Asia/Kuala_Lumpur,,COH-2026-W20
EMP7042,9bb8306a-cf50-076e-deac-bd6452cf5f69,Arun Rahman,Arun,Specialist,P2 Analyst,Operations,Individual Contributor,POS-40042,Tariq Rahman,be576c29-a343-6456-44ee-597a39c89050,CC3000,Singapore,2026-08-09,Intern,Full time,1.0,arun.rahman@company.com,SG,Asia/Singapore,,COH-2026-W32
EMP7043,8f39bfbd-fc71-fd02-5c2d-59dbbdd8c5f6,Tariq Raj,Tariq,Engineer,P2 Analyst,People,Team Lead,POS-40043,Michael Das,fc98f4f8-6b98-f6dc-d47e-426c35561cb7,CC2000,Penang,2026-06-05,Regular,Full time,0.8,tariq.raj@company.com,MY,Asia/Kuala_Lumpur,,COH-2026-W23
EMP7044,2fab3273-234a-8bdf-db72-9ad05777776e,David Lee,David,Associate,P2 Associate,People,Individual Contributor,POS-40044,Kumar Lee,7f73d746-015a-572c-5494-38340f593cc6,CC3000,Penang,2026-06-20,Fixed Term,Part time,0.8,david.lee@company.com,MY,Asia/Kuala_Lumpur,2027-01-26,COH-2026-W25
EMP7045,668f90d5-ba2c-27fd-ebba-a6da916bd96c,David Teo,David,Coordinator,P2 Associate,Finance,Team Lead,POS-40045,Anjali Prakash,7f350fac-799a-7cbc-4ae2-ac30d8c331a7,CC3000,Remote,2026-08-02,Fixed Term,Full time,1.0,david.teo@company.com,AU,Australia/Sydney,,COH-2026-W31
EMP7046,ad0721fc-61a4-09af-fc70-cdd682403c0b,Tariq Musa,Tariq,Specialist,P2 Associate,Technology,Team Lead,POS-40046,Nadia Hassan,43cbfd7d-50ec-2a99-d0f1-321d480d7c5f,CC2000,Remote,2026-07-07,Regular,Part time,0.8,tariq.musa@company.com,SG,Asia/Singapore,,COH-2026-W28
EMP7047,6ce010ca-0ce3-753c-52a8-af1299d0c6cb,Hui Rahman,Hui,Engineer,P2 Analyst,Technology,Team Lead,POS-40047,Kevin Teo,086a353d-6e31-790b-17ae-abf585504ac5,CC3000,Penang,2026-06-10,Fixed Term,Full time,0.5,hui.rahman@company.com,MY,Asia/Kuala_Lumpur,,COH-2026-W24
EMP7048,1731a307-cb58-4c0c-0a8a-7c6ed874dc24,Sarah Ho,Sarah,Manager,P2 Analyst,Finance,Individual Contributor,POS-40048,Chloe Fernandez,89a5ed26-4b06-06c1-a33f-086260fc3bce,CC1000,Singapore,2026-05-30,Fixed Term,Full time,1.0,sarah.ho@company.com,SG,Asia/Singapore,,COH-2026-W22
EMP7049,42a3c23c-e54b-9f41-fd62-a591f32b7a18,Faizal Ho,Faizal,Associate,P3 Specialist,Technology,Team Lead,POS-40049,Nadia Hassan,43cbfd7d-50ec-2a99-d0f1-321d480d7c5f,CC2000,Penang,2026-07-30,Regular,Part time,1.0,faizal.ho@company.com,MY,Asia/Kuala_Lumpur,,COH-2026-W31
EMP7050,cdc15bf4-db00-6a68-dc4b-fd64e0bdd8c6,Sarah Fernandez,Sarah,Coordinator,P3 Engineer,Operations,Individual Contributor,POS-40050,Wei Wong,d7de9e42-62ac-433a-9a97-a10ab1d6aa95,CC3000,KL-HQ,2026-07-13,Intern,Full time,0.8,sarah.fernandez@company.com,MY,Asia/Kuala_Lumpur,2027-09-30,COH-2026-W29
EMP7051,c6139b79-e05b-5b4e-7afd-86e63327479e,Nurul Musa,Nurul,Engineer,P2 Associate,People,Team Lead,POS-40051,Lakshmi Loo,c6eaf770-7811-23c3-d278-93a058307bfc,CC3000,KL-HQ,2026-05-31,Intern,Full time,1.0,nurul.musa@company.com,MY,Asia/Kuala_Lumpur,,COH-2026-W22
EMP7052,1553239d-0261-f299-f383-ec58e432fa3d,Siti Ismail,Siti,Manager,P3 Engineer,Finance,Team Lead,POS-40052,Nurul Ho,8ad48223-3fea-a091-0a89-3ee722b0aec3,CC2000,KL-HQ,2026-05-23,Regular,Full time,0.8,siti.ismail@company.com,MY,Asia/Kuala_Lumpur,,COH-2026-W21
EMP7053,30483e84-0fc3-b904-79c3-6d1aec486cff,Grace Rahman,Grace,Manager,P3 Engineer,Finance,Individual Contributor,POS-40053,Nadia Hassan,43cbfd7d-50ec-2a99-d0f1-321d480d7c5f,CC3000,Remote,2026-07-02,Regular,Part time,0.5,grace.rahman@company.com,SG,Asia/Singapore,,COH-2026-W27
EMP7054,e08bc670-8c5c-5fac-ecb8-9800bfeb6393,Uma Yeoh,Uma,Specialist,P2 Analyst,Operations,Team Lead,POS-40054,Kevin Goh,006140bc-6dbd-2df9-29ec-9b1114eca3ab,CC1000,Singapore,2026-04-21,Fixed Term,Full time,0.5,uma.yeoh@company.com,SG,Asia/Singapore,,COH-2026-W17
EMP7055,f5c469f0-4ef5-d524-f285-997bdeba2457,Wan Ismail,Wan,Analyst,P3 Engineer,Finance,Individual Contributor,POS-40055,Bryan Cheng,a2233605-01b6-180d-862b-213e8c7ddc01,CC1000,Penang,2026-05-29,Regular,Part time,1.0,wan.ismail@company.com,MY,Asia/Kuala_Lumpur,,COH-2026-W22
EMP7056,431f582a-6784-757f-3cfc-53b9b0092246,Hui Ho,Hui,Analyst,P2 Associate,People,Team Lead,POS-40056,Ismail Goh,c462feb1-c90f-855f-36c0-3c090c36b03c,CC1000,Singapore,2026-06-27,Fixed Term,Part time,0.8,hui.ho@company.com,SG,Asia/Singapore,2028-05-11,COH-2026-W26
EMP7057,99a91024-f964-a15b-2f5c-5a328cd174e5,James Iyer,James,Associate,P3 Specialist,Technology,Individual Contributor,POS-40057,Kevin Musa,c85edf05-91bc-3f52-0a47-0c4465fc1293,CC2000,Penang,2026-06-14,Intern,Part time,0.8,james.iyer@company.com,MY,Asia/Kuala_Lumpur,,COH-2026-W24
EMP7058,db06df00-6249-66b2-5eb5-c0efbb3ab799,Daniel Gopal,Daniel,Analyst,P3 Engineer,Finance,Team Lead,POS-40058,Tariq Ong,66cd84bc-2187-9088-f826-cfe251876354,CC1000,Singapore,2026-06-01,Regular,Part time,1.0,daniel.gopal@company.com,SG,Asia/Singapore,,COH-2026-W23
EMP7059,af0acf8a-be88-6c22-cd12-949fd5a2acb3,Faizal Cheng,Faizal,Manager,P2 Analyst,Finance,Individual Contributor,POS-40059,Wan Abdullah,d159b593-d82d-1837-a093-751db02ebb80,CC2000,Singapore,2026-07-08,Fixed Term,Part time,1.0,faizal.cheng@company.com,SG,Asia/Singapore,,COH-2026-W28
EMP7060,194f309f-fea5-18f3-2cf2-1449273d7cee,Wei Musa ,Wei,Engineer,P2 Analyst,Finance,Individual Contributor,POS-40060,Hakim Iyer,35008368-2865-6974-3913-2ae9f9ebc0c7,CC2000,Penang,27/05/2026,Regular,Part-time,0.80,wei.musa0@company.com,IN,Asia/Kolkata,2027-01-01,COH-2026-W22
EMP7061,5250def9-1799-e278-6d37-48421599e3e9,Chloe Fernandez,Chloe,Coordinator,P3 Engineer,People,Individual Contributor,POS-40061,Wan Abdullah,d159b593-d82d-1837-a093-751db02ebb80,CC2000,Penang,2026-05-26,Intern,Part time,0.5,chloe.fernandez1@company.com,MY,Asia/Kuala_Lumpur,,COH-2026-W22
EMP7062,0270815f-e85d-f2fb-daa3-5adf9c1e2a8a,Hui Musa,Hui,Manager,P3 Engineer,Technology,Individual Contributor,POS-40062,Tariq Rahman,be576c29-a343-6456-44ee-597a39c89050,CC2000,Penang,2026-05-27,Intern,Full time,1.0,hui.musa2@company.com,MY,Asia/Kuala_Lumpur,,COH-2026-W22
EMP7063,16849ef3-0759-0d27-3e34-f98dff7e4c64,Michael Gopal,Michael,Associate,P3 Specialist,Technology,Individual Contributor,POS-40063,Devi Gopal,8038a39d-5e08-5396-4b50-af03b971722f,CC3000,KL-HQ,2026-05-26,Fixed Term,Full time,1.0,michael.gopal3@company.com,MY,Asia/Kuala_Lumpur,,COH-2026-W22
EMP7064,fbacea67-c7d1-afcc-4f14-a3e3e04d42f8,Devi Musa,Devi,Engineer,P3 Engineer,Finance,Team Lead,POS-40064,Devi Gopal,8038a39d-5e08-5396-4b50-af03b971722f,CC3000,Penang,2026-05-26,Intern,Full time,0.5,devi.musa4@company.com,MY,Asia/Kuala_Lumpur,,COH-2026-W22
EMP7065,27972d33-e590-1a19-bbd4-7d5552c7f47e,Arun Teo,Arun,Analyst,P2 Associate,People,Team Lead,POS-40065,Hakim Iyer,35008368-2865-6974-3913-2ae9f9ebc0c7,CC2000,Penang,2026-05-27,Intern,Full time,1.0,arun.teo5@company.com,MY,Asia/Kuala_Lumpur,,COH-2026-W22
EMP7066,d8e96cf3-7cb9-90c8-01f9-7b7684319e1b,James Lee,James,Analyst,P2 Associate,Technology,Individual Contributor,POS-40066,Wei Cheng,216521c3-d52d-c7db-8f73-419d05d9c4cf,CC1000,KL-HQ,2026-05-26,Fixed Term,Full time,1.0,james.lee6@company.com,MY,Asia/Kuala_Lumpur,,COH-2026-W22
EMP7067,f9a3e247-cb2c-083e-b8cb-37f0a72e9d34,Hakim Ho,Hakim,Coordinator,P2 Analyst,Technology,Individual Contributor,POS-40067,Tariq Rahman,be576c29-a343-6456-44ee-597a39c89050,CC3000,Penang,2026-05-26,Fixed Term,Full time,0.5,hakim.ho7@company.com,MY,Asia/Kuala_Lumpur,,COH-2026-W22
EMP7068,d4d3fd81-b6ee-7b3b-b1c8-63e2601a7462,Rajesh Abdullah,Rajesh,Coordinator,P3 Engineer,People,Individual Contributor,POS-40068,Lena Wong,9b1b673b-d475-5d05-ad78-53c1f76eb977,CC2000,Penang,2026-05-26,Fixed Term,Full time,1.0,rajesh.abdullah8@company.com,MY,Asia/Kuala_Lumpur,,COH-2026-W22
EMP7069,53040b7a-0581-4d32-feb3-e719e01fcd3f,Bryan Fernandez,Bryan,Manager,P2 Analyst,Finance,Individual Contributor,POS-40069,Tariq Rahman,be576c29-a343-6456-44ee-597a39c89050,CC2000,KL-HQ,2026-05-25,Regular,Part time,1.0,bryan.fernandez9@company.com,MY,Asia/Kuala_Lumpur,,COH-2026-W22
EMP7070,9ed336de-7dae-cd3a-da8b-4f2222d3b41a,Kumar Ho,Kumar,Coordinator,P3 Engineer,Operations,Team Lead,POS-40070,Chloe Gopal,f78e2978-aa24-47c4-62dd-aed16dc0cf0b,CC3000,Penang,2026-05-25,Intern,Full time,0.8,kumar.ho10@company.com,MY,Asia/Kuala_Lumpur,,COH-2026-W22
EMP7071,73bb387d-0805-89ab-054c-24026cdea5b9,Michael Das,Michael,Manager,P2 Associate,People,Team Lead,POS-40071,Faizal Ho,f7fd633d-bdde-131c-a376-6e4d58e72e31,CC2000,Penang,2026-05-26,Regular,Part time,0.5,michael.das11@company.com,MY,Asia/Kuala_Lumpur,,COH-2026-W22
EMP7072,dfed863b-d39f-917c-1069-6489a30fd54c,Uma Gopal,Uma,Coordinator,P3 Engineer,People,Individual Contributor,POS-40072,Devi Gopal,8038a39d-5e08-5396-4b50-af03b971722f,CC3000,Sydney,2026-07-06,Regular,Part time,0.8,uma.gopal12@company.com,AU,Australia/Sydney,2028-08-25,COH-2026-W28
EMP7073,d93c0a5e-b2d3-7dc2-c9a7-a5236bb47348,Ismail Rahman,Ismail,Specialist,P3 Engineer,Technology,Individual Contributor,POS-40073,David Chen,30877432-d102-6706-d7e8-05da846a32c3,CC2000,Remote,2026-07-13,Intern,Full-time,1.0,ismail.rahman13@company.com,MY,Asia/Kuala_Lumpur,,COH-2026-W29
EMP7074,4e2fe981-b29e-e11b-922c-e1e6af41e3a2,Grace Yeoh,Grace,Manager,P3 Specialist,Technology,Team Lead,POS-40074,Kevin Musa,c85edf05-91bc-3f52-0a47-0c4465fc1293,CC3000,Penang,2026-06-01,Intern,Full time,1.0,grace.yeoh14@company.com,MY,Asia/Kuala_Lumpur,,COH-2026-W23
EMP7075,1a2a3c98-4a24-b9c4-29ca-42db0b956af6,Siti Abdullah,Siti,Engineer,P2 Associate,Operations,Team Lead,POS-40075,Chloe Gopal,f78e2978-aa24-47c4-62dd-aed16dc0cf0b,CC2000,Remote,2026-06-18,Fixed Term,Full time,1.0,siti.abdullah15@company.com,AU,Australia/Sydney,,COH-2026-W25
EMP7076,55e1db7e-9e77-9f6b-ee9c-d56481fb3392,Ismail Goh,Ismail,Analyst,P3 Engineer,People,Team Lead,POS-40076,Yusof Nair,79749396-37ac-cad7-0cc1-3fa9e0c58e7b,CC3000,Singapore,2026-06-01,Regular,Full time,0.5,ismail.goh16@company.com,SG,Asia/Singapore,,COH-2026-W23
EMP7077,b7c2b70a-3a44-19f4-fe02-0864d3979317,Jaya Musa ,Jaya,Coordinator,P3 Engineer,Technology,Team Lead,POS-40077,David Chen,30877432-d102-6706-d7e8-05da846a32c3,CC2000,Penang,2026-08-14,Regular,Full time,0.5,jaya.musa17@company.com,MY,Asia/Kuala_Lumpur,,COH-2026-W33
EMP7078,b7d52b20-cf1c-b80b-2b73-a41ba5ef542e,Farah Cheng,Farah,Analyst,P3 Engineer,Technology,Individual Contributor,POS-40078,Kevin Goh,006140bc-6dbd-2df9-29ec-9b1114eca3ab,CC3000,KL-HQ,2026-08-10,Regular,Full time,0.8,farah.cheng18@company.com,MY,Asia/Kuala_Lumpur,,COH-2026-W33
EMP7079,69b1a83b-dcec-a5ff-b82d-2d59a32a99ed,Rajesh Menon,Rajesh,Engineer,P3 Engineer,Operations,Team Lead,POS-40079,Hakim Iyer,35008368-2865-6974-3913-2ae9f9ebc0c7,CC3000,Sydney,2026-06-15,Fixed Term,Full time,0.80,rajesh.menon19@company.com,AU,Australia/Sydney,,COH-2026-W25
EMP7080,504e1427-bbc1-4ebb-e24b-ca87305fc388,Jaya Loo,Jaya,Engineer,P3 Specialist,Finance,Individual Contributor,POS-40080,Faizal Ho,f7fd633d-bdde-131c-a376-6e4d58e72e31,CC1000,Remote,2026-08-12,Intern,Full time,0.8,jaya.loo20@company.com,MY,Asia/Kuala_Lumpur,,COH-2026-W33
EMP7081,ab29955b-7364-7f0b-be42-29cfdd24a2ee,Kumar Iyer,Kumar,Associate,P2 Analyst,People,Team Lead,POS-40081,Faizal Ho,f7fd633d-bdde-131c-a376-6e4d58e72e31,CC1000,Penang,2026-07-02,Intern,Full time,0.5,kumar.iyer21@company.com,MY,Asia/Kuala_Lumpur,,COH-2026-W27
EMP7082,b9286849-2545-a102-186d-0f99f7c9e215,David Goh,David,Manager,P3 Engineer,People,Individual Contributor,POS-40082,Farah Rahman,73d51c62-f331-1ec0-ebfb-19798877a512,CC2000,Remote,2026-06-02,Regular,Part time,0.8,david.goh22@company.com,AU,Australia/Sydney,,COH-2026-W23
EMP7083,3a7e38e7-4319-cd75-aa65-fef9f02ce76b,Kumar Das,Kumar,Engineer,P2 Analyst,Finance,Team Lead,POS-40083,Lakshmi Loo,c6eaf770-7811-23c3-d278-93a058307bfc,CC3000,Penang,13/08/2026,Fixed Term,Full time,0.5,kumar.das23@company.com,MY,Asia/Kuala_Lumpur,,COH-2026-W33
EMP7084,1c16b92c-e834-3cba-b46c-1114afe44aa5,Tariq Abdullah,Tariq,Associate,P3 Engineer,Finance,Team Lead,POS-40084,Lakshmi Loo,c6eaf770-7811-23c3-d278-93a058307bfc,CC1000,Bengaluru,2026-07-02,Fixed Term,Full time,0.8,tariq.abdullah24@company.com,IN,Asia/Kolkata,2028-05-13,COH-2026-W27
EMP7085,90f871f5-c471-360e-ad4d-6df146afca5e,Hui Teo,Hui,Specialist,P2 Associate,Technology,Individual Contributor,POS-40085,Anjali Gopal,7f2ed6cf-c740-3d75-e173-e4eaede5fe87,CC2000,Singapore,2026-07-03,Fixed Term,Part time,0.8,hui.teo25@company.com,SG,Asia/Singapore,,COH-2026-W27
EMP7086,6fafb893-ccb4-9192-be8f-668843771771,Arun Aziz,Arun,Coordinator,P2 Analyst,Technology,Team Lead,POS-40086,Tariq Ong,66cd84bc-2187-9088-f826-cfe251876354,CC3000,Bengaluru,2026-07-15,Fixed Term,Part-time,0.8,arun.aziz26@company.com,IN,Asia/Kolkata,,COH-2026-W29
EMP7087,9a912715-d51c-f591-093a-9ef4e863a5e8,Mei Das,Mei,Manager,P3 Engineer,Operations,Individual Contributor,POS-40087,Wan Ho,e9e2ca8d-bb55-23a2-717f-c88a2f866bc2,CC2000,KL-HQ,2026-07-16,Intern,Full time,0.8,mei.das27@company.com,MY,Asia/Kuala_Lumpur,,COH-2026-W29
EMP7088,354fa708-c7e8-a908-b713-e95c939b774f,Siti Nair,Siti,Manager,P2 Analyst,Operations,Team Lead,POS-40088,David Chen,30877432-d102-6706-d7e8-05da846a32c3,CC2000,Bengaluru,2026-07-15,Intern,Full time,0.5,siti.nair28@company.com,IN,Asia/Kolkata,,COH-2026-W29
EMP7089,31645ae3-6f2e-1e4d-e1e9-0c80621db212,Yusof Lee,Yusof,Coordinator,P2 Analyst,Technology,Individual Contributor,POS-40089,Yusof Nair,9dac946d-c59c-0996-daee-e6f529a27976,CC3000,Manila,2026-07-16,Fixed Term,Full time,0.5,yusof.lee29@company.com,PH,Asia/Manila,,COH-2026-W29
EMP7090,4b35c470-09ed-c77e-b486-31d076231e17,Wei Abdullah,Wei,Engineer,P3 Specialist,Operations,Team Lead,POS-40090,Lena Wong,9b1b673b-d475-5d05-ad78-53c1f76eb977,CC2000,Penang,2026-07-02,Fixed Term,Full time,0.5,wei.abdullah30@company.com,MY,Asia/Kuala_Lumpur,,COH-2026-W27
EMP7091,47d9815d-f1bc-add4-9c5f-7794e1dd4c78,Rajesh Prakash,Rajesh,Coordinator,P2 Associate,Operations,Team Lead,POS-40091,Wei Cheng,216521c3-d52d-c7db-8f73-419d05d9c4cf,CC3000,Bengaluru,2026-08-11,Intern,Full time,0.5,rajesh.prakash31@company.com,SG,Asia/Singapore,2027-01-06,COH-2026-W33
EMP7092,1266f6a9-0663-f76c-7a9c-eb98bfe3fa6b,Bryan Lim,Bryan,Manager,P3 Engineer,Finance,Individual Contributor,POS-40092,Chloe Gopal,f78e2978-aa24-47c4-62dd-aed16dc0cf0b,CC1000,Sydney,2026-05-21,Fixed Term,Full time,1.0,bryan.lim32@company.com,AU,Australia/Sydney,,COH-2026-W21
EMP7093,c7fa8ffe-5b54-f511-210d-472406eb1ff0,Uma Das,Uma,Engineer,P3 Engineer,Operations,Team Lead,POS-40093,Farah Rahman,73d51c62-f331-1ec0-ebfb-19798877a512,CC2000,Sydney,2026-05-08,Regular,Part time,0.8,uma.das33@company.com,AU,Australia/Sydney,2027-07-08,COH-2026-W19
EMP7094,768b8c2b-ce77-9212-cccf-1052fda3176f,Faizal Aziz ,Faizal,Associate,P2 Associate,Finance,Team Lead,POS-40094,Ismail Goh,c462feb1-c90f-855f-36c0-3c090c36b03c,CC1000,KL-HQ,2026-07-27,Regular,Part time,1.0,faizal.aziz34@company.com,MY,Asia/Kuala_Lumpur,,COH-2026-W31
EMP7095,2957cac4-2b13-d72a-ca08-ef7bcd5c2972,Anjali Abdullah,Anjali,Engineer,P2 Analyst,People,Individual Contributor,POS-40095,David Chen,30877432-d102-6706-d7e8-05da846a32c3,CC1000,Bengaluru,2026-05-20,Intern,Part time,1.0,anjali.abdullah35@company.com,IN,Asia/Kolkata,,COH-2026-W21
EMP7096,83425ded-302b-2ac0-9dc2-75c54898f425,Sarah Musa,Sarah,Engineer,P2 Associate,Technology,Individual Contributor,POS-40096,Lakshmi Loo,c6eaf770-7811-23c3-d278-93a058307bfc,CC1000,Manila,2026-06-04,Regular,Full time,0.8,sarah.musa36@company.com,PH,Asia/Manila,2027-05-27,COH-2026-W23
EMP7097,490cacae-ad49-a6fa-5ca9-f7ac8cb3650e,Kevin Musa,Kevin,Coordinator,P2 Associate,Finance,Team Lead,POS-40097,Nadia Hassan,43cbfd7d-50ec-2a99-d0f1-321d480d7c5f,CC3000,Remote,2026-07-29,Intern,Part time,0.8,kevin.musa37@company.com,MY,Asia/Kuala_Lumpur,,COH-2026-W31
EMP7098,c2efcd1b-237b-51ca-d303-877ebce4b0f3,Bryan Lee,Bryan,Coordinator,P3 Specialist,Technology,Team Lead,POS-40098,Nurul Teo,171ac826-a6fc-e484-78dc-b74f21345d2c,CC1000,Sydney,2026-06-29,Fixed Term,Part time,1,bryan.lee38@company.com,AU,Australia/Sydney,,COH-2026-W27
EMP7099,3eea2913-0a35-755a-de7c-55dc06edc066,Poh Das,Poh,Engineer,P2 Associate,Finance,Team Lead,POS-40099,Faizal Ho,f7fd633d-bdde-131c-a376-6e4d58e72e31,CC1000,Sydney,2026-05-18,Intern,Full-time,0.8,poh.das39@company.com,AU,Australia/Sydney,2027-04-28,COH-2026-W21
EMP7100,acc3bbe5-924a-3793-5b4c-d4cd5f55f945,Anjali Gopal,Anjali,Engineer,P2 Associate,Operations,Individual Contributor,POS-40100,Daniel Prakash,5dff6c15-c0c8-e9df-4696-11a11f512522,CC2000,KL-HQ,2026-05-22,Regular,Full time,1.0,anjali.gopal40@company.com,MY,Asia/Kuala_Lumpur,,COH-2026-W21
EMP7101,def52079-1879-5ef3-38b1-e6d3791e8b2e,Uma Lee,Uma,Coordinator,P2 Analyst,Technology,Team Lead,POS-40101,Daniel Prakash,5dff6c15-c0c8-e9df-4696-11a11f512522,CC3000,KL-HQ,2026-05-06,Intern,Full time,0.8,uma.lee41@company.com,MY,Asia/Kuala_Lumpur,,COH-2026-W19
EMP7102,85a99834-d184-474a-7cf4-8dce22c8befa,Michael Gopal,Michael,Manager,P2 Analyst,Technology,Individual Contributor,POS-40102,Michael Wong,1ce696a6-71b1-2562-545f-084df56eef33,CC1000,Sydney,2026-06-16,Regular,Part time,1.0,michael.gopal42@company.com,AU,Australia/Sydney,2027-12-27,COH-2026-W25
EMP7103,a9a4fa11-3e03-5ee0-d649-582b82b51c97,Faizal Gopal,Faizal,Manager,P3 Engineer,Finance,Team Lead,POS-40103,Kumar Lee,7f73d746-015a-572c-5494-38340f593cc6,CC1000,Manila,2026-05-21,Fixed Term,Part time,0.8,faizal.gopal43@company.com,PH,Asia/Manila,,COH-2026-W21
EMP7104,a3d4f27c-233a-b94c-4420-5eb64de62343,Kevin Cheng,Kevin,Associate,P3 Specialist,Operations,Individual Contributor,POS-40104,Kevin Goh,006140bc-6dbd-2df9-29ec-9b1114eca3ab,CC3000,KL-HQ,2026-05-18,Regular,Full time,0.5,kevin.cheng44@company.com,MY,Asia/Kuala_Lumpur,,COH-2026-W21
EMP7105,966c917f-c37f-20ba-4cdb-5f20208611c9,Nurul Chen,Nurul,Analyst,P2 Associate,Operations,Individual Contributor,POS-40105,Anjali Prakash,7f350fac-799a-7cbc-4ae2-ac30d8c331a7,CC1000,Sydney,2026-07-29,Intern,Full time,1.0,nurul.chen45@company.com,AU,Australia/Sydney,2027-07-07,COH-2026-W31
EMP7106,ac29d717-2d3e-1953-0405-fb85b4830ad8,Farah Das,Farah,Associate,P2 Associate,Operations,Team Lead,POS-40106,Lena Wong,9b1b673b-d475-5d05-ad78-53c1f76eb977,CC1000,Manila,27/07/2026,Intern,Part time,0.5,farah.das46@company.com,PH,Asia/Manila,,COH-2026-W31
EMP7107,3701071f-bc45-1d7a-7da8-2b31571c2e99,Devi Musa,Devi,Specialist,P3 Engineer,Finance,Individual Contributor,POS-40107,Yusof Nair,9dac946d-c59c-0996-daee-e6f529a27976,CC2000,Remote,2026-05-21,Regular,Full time,0.5,devi.musa47@company.com,AU,Australia/Sydney,,COH-2026-W21
EMP7108,740d07b0-a0c9-367d-f148-217dbe234c21,Uma Ho,Uma,Analyst,P2 Associate,Finance,Individual Contributor,POS-40108,Lena Wong,9b1b673b-d475-5d05-ad78-53c1f76eb977,CC2000,Singapore,2026-08-10,Fixed Term,Full time,0.5,uma.ho48@company.com,SG,Asia/Singapore,2027-09-19,COH-2026-W33
EMP7109,643435ee-ad3b-6e9e-8325-916a427bc198,Kevin Wong,Kevin,Specialist,P2 Associate,Finance,Team Lead,POS-40109,Kevin Menon,1e4f30ce-0099-5364-eaab-856cefea0ecf,CC2000,Singapore,2026-06-02,Fixed Term,Full time,0.5,kevin.wong49@company.com,SG,Asia/Singapore,,COH-2026-W23
EMP7110,46cb2820-26e4-2a31-e15d-cf0cd5b6588e,Siti Nair,Siti,Specialist,P3 Engineer,Operations,Individual Contributor,POS-40110,Farah Rahman,73d51c62-f331-1ec0-ebfb-19798877a512,CC1000,Bengaluru,2026-07-30,Regular,Part time,0.5,siti.nair50@company.com,IN,Asia/Kolkata,,COH-2026-W31
EMP7111,70cbffba-c850-a708-1fb7-5377817cb557,Yusof Abdullah ,Yusof,Associate,P3 Engineer,Technology,Team Lead,POS-40111,Kevin Goh,48334896-a68f-812d-810a-485ed03241b4,CC2000,Remote,2026-06-17,Regular,Full time,0.5,yusof.abdullah51@company.com,PH,Asia/Manila,,COH-2026-W25
EMP7112,121770f0-a64a-5a10-443b-2bc3a9a45dfa,Uma Hassan,Uma,Manager,P2 Analyst,Finance,Individual Contributor,POS-40112,Daniel Prakash,5dff6c15-c0c8-e9df-4696-11a11f512522,CC2000,KL-HQ,2026-07-17,Intern,Full-time,0.5,uma.hassan52@company.com,MY,Asia/Kuala_Lumpur,,COH-2026-W29
EMP7113,c15a73f4-a27b-a52a-e086-72b8301ced5d,Siti Loo,Siti,Engineer,P3 Specialist,Operations,Team Lead,POS-40113,Yusof Nair,9dac946d-c59c-0996-daee-e6f529a27976,CC1000,Manila,2026-07-14,Regular,Part time,1.0,siti.loo53@company.com,PH,Asia/Manila,,COH-2026-W29
EMP7114,832a5c52-2af0-d5d5-13a6-6d899731cf41,Nadia Prakash,Nadia,Coordinator,P2 Analyst,Technology,Team Lead,POS-40114,Kevin Musa,c85edf05-91bc-3f52-0a47-0c4465fc1293,CC1000,Remote,2026-07-17,Regular,Full time,0.5,nadia.prakash54@company.com,MY,Asia/Kuala_Lumpur,,COH-2026-W29
EMP7115,39cff82c-5bcb-5e18-ee87-81432bd71cdf,Wan Nair,Wan,Associate,P2 Analyst,Technology,Individual Contributor,POS-40115,Faizal Ho,f7fd633d-bdde-131c-a376-6e4d58e72e31,CC1000,Singapore,2026-07-27,Regular,Full time,0.5,wan.nair55@company.com,SG,Asia/Singapore,,COH-2026-W31
EMP7116,d2d648a2-2cca-8e0d-3d44-3339bd8cff15,Daniel Raj,Daniel,Specialist,P3 Engineer,Operations,Individual Contributor,POS-40116,Hakim Iyer,35008368-2865-6974-3913-2ae9f9ebc0c7,CC1000,Remote,2026-06-29,Regular,Part time,0.5,daniel.raj56@company.com,MY,Asia/Kuala_Lumpur,,COH-2026-W27
EMP7117,0a998f37-49ea-8d26-e6df-b1529c405661,Anjali Prakash,Anjali,Engineer,P3 Specialist,People,Individual Contributor,POS-40117,Lakshmi Loo,c6eaf770-7811-23c3-d278-93a058307bfc,CC1000,Bengaluru,2026-06-05,Intern,Full time,0.80,anjali.prakash57@company.com,IN,Asia/Kolkata,2028-02-06,COH-2026-W23
EMP7118,7bfe5fbb-5829-0c15-6776-8d00f4507898,Daniel Abdullah,Daniel,Engineer,P2 Associate,Operations,Team Lead,POS-40118,Anjali Prakash,7f350fac-799a-7cbc-4ae2-ac30d8c331a7,CC3000,Singapore,2026-08-10,Fixed Term,Part time,1.0,daniel.abdullah58@company.com,SG,Asia/Singapore,,COH-2026-W33
EMP7119,993f2a8a-8896-471c-a40f-98dcc16a7fb9,Kevin Prakash,Kevin,Engineer,P3 Specialist,Operations,Team Lead,POS-40119,Lakshmi Loo,c6eaf770-7811-23c3-d278-93a058307bfc,CC3000,Singapore,2026-07-16,Regular,Part time,1.0,kevin.prakash59@company.com,SG,Asia/Singapore,,COH-2026-W29
EMP7120,27b79dab-89e3-f12f-63c9-d1446ade4a52,Jaya Wong,Jaya,Analyst,P2 Analyst,Technology,Team Lead,POS-40120,Michael Das,fc98f4f8-6b98-f6dc-d47e-426c35561cb7,CC3000,KL-HQ,2026-06-03,Intern,Part time,1.0,jaya.wong60@company.com,MY,Asia/Kuala_Lumpur,,COH-2026-W23
EMP7121,4ddcdfc0-16b0-a600-77b9-43c952199ead,Nadia Lim,Nadia,Specialist,P3 Engineer,People,Team Lead,POS-40121,James Raj,106dd53b-93d0-4cbe-6e68-6ff56c1d1fc5,CC1000,Manila,2026-06-03,Regular,Part time,0.8,nadia.lim61@company.com,PH,Asia/Manila,,COH-2026-W23
EMP7122,53b1c811-3013-dec3-8f46-09d384d33933,Hakim Lim,Hakim,Specialist,P2 Analyst,Operations,Individual Contributor,POS-40122,Anjali Prakash,7f350fac-799a-7cbc-4ae2-ac30d8c331a7,CC1000,Sydney,2026-08-12,Regular,Part time,0.5,hakim.lim62@company.com,AU,Australia/Sydney,,COH-2026-W33
EMP7123,6fa70023-f422-387e-98e1-3519bad33104,Nadia Iyer,Nadia,Analyst,P2 Associate,Operations,Team Lead,POS-40123,Daniel Prakash,5dff6c15-c0c8-e9df-4696-11a11f512522,CC2000,Sydney,2026-06-17,Regular,Part time,1.0,nadia.iyer63@company.com,AU,Australia/Sydney,2028-06-21,COH-2026-W25
EMP7124,8cfd5341-53df-e5cb-04ff-3de128a07a3d,Jaya Lim,Jaya,Engineer,P3 Engineer,Finance,Team Lead,POS-40124,Bryan Aziz,44f58d66-9cbe-e377-2a07-7021721a278f,CC1000,Bengaluru,2026-07-16,Regular,Full time,0.8,jaya.lim64@company.com,IN,Asia/Kolkata,,COH-2026-W29
EMP7125,fa7a817c-c72e-ee2f-ea3f-03cd10296eab,Daniel Raj,Daniel,Analyst,P3 Engineer,People,Individual Contributor,POS-40125,Kevin Menon,1e4f30ce-0099-5364-eaab-856cefea0ecf,CC3000,Penang,2026-07-16,Fixed Term,Full-time,0.5,daniel.raj65@company.com,MY,Asia/Kuala_Lumpur,,COH-2026-W29
EMP7126,9b315f4d-3866-3c6e-6a3d-13ee4f01df55,Tariq Ismail,Tariq,Associate,P3 Specialist,Finance,Individual Contributor,POS-40126,Michael Wong,1ce696a6-71b1-2562-545f-084df56eef33,CC3000,Bengaluru,2026-08-12,Regular,Part time,0.8,tariq.ismail66@company.com,IN,Asia/Kolkata,2028-06-26,COH-2026-W33
EMP7127,44d9a666-9b45-a3bf-d9d0-30c411685984,Hakim Ong,Hakim,Specialist,P3 Specialist,Finance,Individual Contributor,POS-40127,Devi Gopal,8038a39d-5e08-5396-4b50-af03b971722f,CC2000,Bengaluru,2026-07-31,Fixed Term,Full time,0.8,hakim.ong67@company.com,IN,Asia/Kolkata,,COH-2026-W31
EMP7128,c791ccda-1086-e7b6-69e5-2553c1d88458,Tariq Loo ,Tariq,Specialist,P2 Associate,People,Individual Contributor,POS-40128,Michael Osman,ca828bca-0385-813d-bad3-c681d06bd2aa,CC3000,Sydney,2026-06-30,Intern,Part time,1.0,tariq.loo68@company.com,AU,Australia/Sydney,,COH-2026-W27
EMP7129,b2a7525d-c2b7-6aab-96f0-3be771ac3c89,Faizal Lim,Faizal,Manager,P2 Associate,Operations,Individual Contributor,POS-40129,Yusof Nair,9dac946d-c59c-0996-daee-e6f529a27976,CC3000,KL-HQ,11/08/2026,Intern,Full time,0.8,faizal.lim69@company.com,MY,Asia/Kuala_Lumpur,,COH-2026-W33
EMP7130,50266d36-d240-ea12-2158-278dcecda0c3,Lena Rahman,Lena,Associate,P3 Specialist,Technology,Team Lead,POS-40130,Sarah Ong,36e8b535-9309-cc62-7393-1bdb2a0df3db,CC3000,Sydney,2026-07-17,Regular,Full time,1.0,lena.rahman70@company.com,AU,Australia/Sydney,,COH-2026-W29
EMP7131,ecc0f574-c949-b043-10c2-96b6d4557863,Faizal Cheng,Faizal,Manager,P2 Associate,People,Individual Contributor,POS-40131,Sarah Menon,e4d58fed-8a72-8e7e-ca0f-a5f6b8a88062,CC2000,KL-HQ,2026-05-22,Intern,Full time,1.0,faizal.cheng71@company.com,MY,Asia/Kuala_Lumpur,,COH-2026-W21
EMP7132,b473926a-fea9-4bad-50a7-7d8b4afeeb9f,Siti Wong,Siti,Analyst,P2 Associate,People,Individual Contributor,POS-40132,Nadia Lim,7df7ffe0-297c-79bf-bdab-e898736a3566,CC2000,Remote,2026-05-08,Regular,Part time,1.0,siti.wong72@company.com,AU,Australia/Sydney,,COH-2026-W19
EMP7133,c618f4bc-794e-2cb0-754e-554fb17f728b,Mei Yeoh,Mei,Engineer,P2 Analyst,Operations,Individual Contributor,POS-40133,Anjali Prakash,7f350fac-799a-7cbc-4ae2-ac30d8c331a7,CC3000,Sydney,2026-05-20,Regular,Part time,1.0,mei.yeoh73@company.com,AU,Australia/Sydney,,COH-2026-W21
EMP7134,885ccb28-c7cb-bff0-4e57-286455b37da3,Ismail Abdullah,Ismail,Specialist,P3 Specialist,Finance,Team Lead,POS-40134,Kevin Goh,48334896-a68f-812d-810a-485ed03241b4,CC1000,Sydney,2026-06-19,Regular,Full time,0.5,ismail.abdullah74@company.com,AU,Australia/Sydney,,COH-2026-W25
EMP7135,141585c0-926e-ff57-d458-5ae27cc4306d,Wei Wong,Wei,Associate,P3 Specialist,Operations,Individual Contributor,POS-40135,Chloe Wong,712da86a-78c4-9ea2-0e32-684b27b95e90,CC1000,Penang,2026-08-13,Regular,Part time,0.5,wei.wong75@company.com,MY,Asia/Kuala_Lumpur,,COH-2026-W33
EMP7136,db1d7fcb-3d48-f729-d860-030c6adb34d8,Yusof Teo,Yusof,Associate,P3 Engineer,People,Team Lead,POS-40136,Nurul Teo,171ac826-a6fc-e484-78dc-b74f21345d2c,CC3000,Remote,2026-05-19,Regular,Part time,1,yusof.teo76@company.com,AU,Australia/Sydney,,COH-2026-W21
EMP7137,f89bc437-e536-ca15-c024-fd2287b21cc9,James Aziz,James,Coordinator,P3 Specialist,Finance,Team Lead,POS-40137,Lakshmi Loo,c6eaf770-7811-23c3-d278-93a058307bfc,CC3000,Singapore,2026-07-31,Intern,Full time,0.5,james.aziz77@company.com,SG,Asia/Singapore,,COH-2026-W31
EMP7138,1b70528c-bcc6-0229-bb87-6ec085d329a3,Tariq Gopal,Tariq,Coordinator,P2 Associate,Operations,Individual Contributor,POS-40138,Yusof Nair,79749396-37ac-cad7-0cc1-3fa9e0c58e7b,CC3000,Remote,2026-06-04,Intern,Part-time,1.0,tariq.gopal78@company.com,MY,Asia/Kuala_Lumpur,,COH-2026-W23
EMP7139,82c77adb-0879-2ca2-5fab-6856f6778676,James Aziz,James,Engineer,P2 Analyst,Technology,Team Lead,POS-40139,Wei Wong,d7de9e42-62ac-433a-9a97-a10ab1d6aa95,CC3000,Remote,2026-07-02,Fixed Term,Part time,0.8,james.aziz79@company.com,AU,Australia/Sydney,,COH-2026-W27
EMP7140,af8f58c7-41df-1bc5-e3ea-006c3ab85878,Daniel Teo,Daniel,Associate,P3 Engineer,People,Team Lead,POS-40140,Lakshmi Loo,c6eaf770-7811-23c3-d278-93a058307bfc,CC3000,Sydney,2026-07-14,Regular,Part time,0.8,daniel.teo80@company.com,AU,Australia/Sydney,,COH-2026-W29
EMP7141,e547387d-c644-f05d-f4af-981c35168f3e,Wei Teo,Wei,Coordinator,P3 Specialist,Technology,Team Lead,POS-40141,Kumar Lee,7f73d746-015a-572c-5494-38340f593cc6,CC3000,Penang,2026-07-15,Fixed Term,Full time,0.8,wei.teo81@company.com,MY,Asia/Kuala_Lumpur,,COH-2026-W29
EMP7142,59bafe2c-9e45-adc2-25a7-aa98c8ebed55,Arun Musa,Arun,Associate,P2 Associate,Finance,Team Lead,POS-40142,Yusof Nair,9dac946d-c59c-0996-daee-e6f529a27976,CC1000,Bengaluru,2026-07-15,Fixed Term,Part time,1.0,arun.musa82@company.com,IN,Asia/Kolkata,,COH-2026-W29
EMP7143,10c23842-c977-9e44-501b-afe8e45ed9bf,Lena Goh,Lena,Coordinator,P2 Analyst,People,Team Lead,POS-40143,Michael Osman,ca828bca-0385-813d-bad3-c681d06bd2aa,CC1000,Manila,2026-06-17,Regular,Part time,0.8,lena.goh83@company.com,PH,Asia/Manila,,COH-2026-W25
EMP7144,f0ff90d9-70b6-ddc7-5cc7-82d7898d6254,Ismail Hassan,Ismail,Coordinator,P2 Associate,Technology,Team Lead,POS-40144,Tariq Ong,66cd84bc-2187-9088-f826-cfe251876354,CC1000,Singapore,2026-05-21,Regular,Part time,0.8,ismail.hassan84@company.com,SG,Asia/Singapore,2027-12-16,COH-2026-W21
EMP7145,984e0724-0f6a-d9fb-e1a2-418c2f568c03,Poh Ong ,Poh,Engineer,P2 Analyst,Technology,Individual Contributor,POS-40145,Nadia Hassan,43cbfd7d-50ec-2a99-d0f1-321d480d7c5f,CC1000,Remote,2026-08-14,Regular,Part time,0.5,poh.ong85@company.com,IN,Asia/Kolkata,,COH-2026-W33
EMP7146,9a5138f9-6b16-37da-0583-c701f4b275f2,Daniel Prakash,Daniel,Specialist,P2 Analyst,People,Individual Contributor,POS-40146,Bryan Cheng,a2233605-01b6-180d-862b-213e8c7ddc01,CC3000,Manila,2026-08-11,Intern,Part time,0.8,daniel.prakash86@company.com,PH,Asia/Manila,,COH-2026-W33
EMP7147,0cb481fe-9f65-bae8-524e-98be0c50b7a2,Arun Gopal,Arun,Specialist,P2 Analyst,People,Individual Contributor,POS-40147,Wan Ho,e9e2ca8d-bb55-23a2-717f-c88a2f866bc2,CC2000,Singapore,2026-05-04,Intern,Full time,0.8,arun.gopal87@company.com,SG,Asia/Singapore,2027-04-26,COH-2026-W19
EMP7148,5163f631-cf81-b720-6f2e-1bdb18129263,Nurul Iyer,Nurul,Specialist,P2 Associate,Finance,Team Lead,POS-40148,Kevin Teo,086a353d-6e31-790b-17ae-abf585504ac5,CC1000,Penang,2026-08-14,Regular,Part time,0.5,nurul.iyer88@company.com,MY,Asia/Kuala_Lumpur,,COH-2026-W33
EMP7149,bed355ca-5eba-abdd-a76c-8beec0190490,Mei Osman,Mei,Manager,P2 Analyst,Operations,Individual Contributor,POS-40149,Nadia Hassan,43cbfd7d-50ec-2a99-d0f1-321d480d7c5f,CC3000,Remote,2026-06-19,Intern,Full time,1.0,mei.osman89@company.com,SG,Asia/Singapore,,COH-2026-W25
